Фамилия;Имя;Отчество
Чупров;Даниил;Игнатьевич
Дудко;Таисия;Арсеньевна
Юганцева;Вера;Тарасовна
Надервель;Галина;Наумовна
Лагутина;Катерина;Семеновна
Кадников;Венедикт;Тимофеевич
Чуприн;Илья;Алексеевич
Нардина;Виктория;Марковна
Мамыкин;Павел;Наумович
Базарова;Тамара;Марковна
Сагунов;Валентин;Прокопьевич
Витинский;Ефим;Макарович
Ельченко;Настасья;Фадеевна
Наполов;Адам;Витальевич
Обухова;Евгения;Михаиловна
Рыжков;Лаврентий;Трофимович
Бухало;Максим;Валерьевич
Селезнёва;Карина;Марковна
Бурцев;Кирилл;Семенович
Аникеев;Семен;Федорович
Ковшутин;Лаврентий;Юлианович
Мысляева;Валерия;Аркадивна
Трушевский;Георгий;Захарович
Казючиц;Зоя;Артемова
Глаголев;Яков;Валентинович
Черенчикова;Валентина;Филипповна
Карнаухова;Оксана;Михаиловна
Яблонев;Никита;Игнатьевич
Николаевский;Денис;Валентинович
Чайка;Захар;Игнатьевич
Ненашев;Василий;Игнатьевич
Тенишев;Александр;Павлович
Набалкина;Инна;Васильевна
Чижова;Варвара;Марковна
Булатов;Арсений;Петрович
Царегородцева;Елизавета;Егоровна
Церетели;Василиса;Витальевна
Сабанцев;Вячеслав;Иванович
Яворский;Аркадий;Яковлевич
Носачёва;Виктория;Тимофеевна
Амелин;Павел;Прокльев
Кулаков;Леонтий;Власович
Ярмухаметов;Григорий;Ростиславович
Малыхина;Елена;Петровна
Янкина;Афанасия;Викторовна
Юхтриц;Марфа;Аркадьевна
Дёмин;Арсений;Никандрович
Лагошин;Кирилл;Львович
Брагин;Геннадий;Никифорович
Травникова;Мария;Тимофеевна
Запорожеца;Галина;Иннокентьевна
Усенко;Даниил;Валерианович
Караулов;Антон;Георгиевич
Шеншина;Аполлинария;Гаврннловна
Солодский;Венедикт;Васильевич
Филипов;Виталий;Егорович
Котик;Валентин;Георгиевич
Унковская;Оксана;Павловна
Воликова;Раиса;Герасимовна
Силин;Кирилл;Всеволодович
Витаева;Серафима;Ефремовна
Забирова;Римма;Вениаминовна
Бабкина;Нина;Елизаровна
Гарф;Кира;Макаровна
Вдовин;Тимофей;Васильевич
Кондратенко;Клавдия;Семеновна
Аронов;Герасим;Венедиктович
Горчакова;Ева;Венедиктовна
Шпак;Клавдия;Денисовна
Косарева;Нина;Климентьевна
Дерновой;Герасим;Ефимович
Гайдученко;Леонид;Венедиктович
Ермолин;Данила;Прохорович
Яушев;Михаил;Прокльев
Меншиков;Виктор;Михаилович
Загряжский;Марк;Данилович
Подколодный;Никифор;Георгиевич
Усоева;Алла;Трофимовна
Аксенчук;Степан;Панкратович
Амелин;Ефим;Прокльев
Крупнова;София;Павловна
Белозеров;Арсений;Ростиславович
Валиев;Яков;Аркадинович
Маркина;Марианна;Константиновна
Федченкова;Клавдия;Александровна
Ежов;Виталий;Вениаминович
Дубинкин;Юлиан;Игнатьевич
Федина;Ксения;Герасимовна
Артемьева;Ася;Наумовна
Цветаев;Трофим;Герасимович
Нутрихин;Илья;Трофимович
Державина;Светлана;Филипповна
Шаляпина;Марьямна;Евгеньевна
Чалый;Павел;Максимович
Травников;Савва;Юрьевич
Винтухова;Наталия;Леонидовна
Казючиц;Василий;Семенович
Карявин;Михаил;Даниилович
Дешевых;Прохор;Трофимович
Лавров;Семен;Алексеевич
Кочетов;Федор;Давидович
Рудин;Петр;Ефимович
Чупринина;Надежда;Романовна
Еремин;Яков;Романович
Поджио;Анна;Саввановна
Андрюхина;Оксана;Александровна
Шереметьева;Людмила;Ростиславовна
Токарева;Раиса;Адамовна
Коршунова;Ника;Тимофеевна
Гурский;Николай;Фадеевич
Кондратова;Альбина;Афанасьевна
Килин;Виктор;Себастьянович
Пудин;Юлиан;Фадеевич
Якимович;Сергей;Романович
Копейкина;Инна;Александровна
Амелина;Марина;Никандровна
Грешнева;Клавдия;Давидович
Сайбаталова;Раиса;Константиновна
Баженова;Мария;Константиновна
Лапин;Леонтий;Ростиславович
Авандеев;Василий;Игнатьевич
Жигунов;Петр;Степанович
Лапаев;Кирилл;Антонрвич
Сухарев;Константин;Петрович
Кузинова;Надежда;Елизаровна
Булатов;Антон;Давидович
Ельцина;Настасья;Лаврентьевна
Звягин;Арсений;Ираклиевич
Янютина;Ксения;Максимовна
Какошина;Анастасия;Филипповна
Прилуцкая;Марианна;Данииловна
Романова;Людмила;Нифонтовна
Ромазана;Вероника;Алексеевна
Нилин;Тимофей;Лаврентиич
Дрёмин;Савва;Фадеевич
Умберг;Макар;Даниилович
Домышев;Степан;Ростиславович
Лагутина;Клара;Николаевна
Лоскутникова;Ольга;Максимовна
Лапотникова;Маргарита;Дмитриевна
Царегородцева;Валерия;Степановна
Уманова;Юлия;Якововна
Чупраков;Афанасий;Акимович
Абоимова;Жанна;Ивановна
Ромазан;Ефрем;Саввеевич
Янчурова;Мила;Феоктистовна
Лобова;Алиса;Леонтьевна
Тютчев;Макар;Феликсович
Юганцев;Константин;Максимович
Перминов;Филипп;Власович
Кузинков;Лев;Григорьевич
Чан;Марк;Адамович
Игумнов;Виктор;Георгиевич
Ржевский;Марк;Севастьянович
Костюк;Катерина;Алексеевна
Едемская;Маргарита;Леонтьевна
Корнеев;Константин;Тимофеевич
Вышегородских;Маргарита;Давидович
Верещагин;Антон;Юлианович
Свистовский;Георгий;Степанович
Автухов;Максим;Ефимович
Илюшкина;Маргарита;Ипполитовна
Блаженов;Афанасий;Викторович
Сергеевич;Надежда;Георгьевна
Машукова;Зинаида;Васильевна
Буслаева;Екатерина;Степановна
Рошета;Марьяна;Георгьевна
Ершова;Алена;Гермоновна
Липов;Игнат;Иннокентиевич
Энговатова;Клавдия;Михаиловна
Кизюрина;Арина;Феоктистовна
Окрокверцхов;Арсений;Вениаминович
Немцов;Венедикт;Тимофеевич
Гринина;Оксана;Прохоровна
Косарева;Клавдия;Вячеславовна
Якимовская;Варвара;Марковна
Терёшина;Антонина;Егоровна
Косомова;Кира;Евгеньевна
Грузова;Афанасия;Валерьевна
Труш;Ева;Геннадьевна
Порошина;Людмила;Прокловна
Балахнов;Алексей;Серафимович
Мамкин;Тарас;Феоктистович
Гунина;Анастасия;Герасимовна
Немцов;Никита;Алексеевич
Островерхов;Яков;Григорьевич
Дубинкин;Константин;Феоктистович
Янпольская;Юлиана;Прокопьевна
Трушевская;Рада;Григориевна
Чукреева;Анастасия;Феоктистовна
Ярова;Мария;Игнатьевна
Фахриев;Федор;Егорович
Сиянская;София;Никандровна
Чернявский;Илья;Порфирьевич
Семёнов;Валерий;Антонович
Заварзин;Александр;Валерианович
Кобяков;Аркадий;Максимович
Шмырёв;Роман;Иванович
Коньякова;Ирина;Григориевна
Яшунин;Алексей;Егорович
